applied_changed_count,blocked_by_family_mismatch_count,blocked_count,count,delta_vs_no_memory,delta_vs_orchestrator,dependency_violation_rate,eligible_count,episode_count,episode_idx,influence_counts,influence_type,mean_score,memory_changed_scheduling_decisions,memory_id,missing_required_agent_rate,no_memory_score,orchestrator_score,order_violation_rate,reason,recovery_success_rate,retrieve_events,retrieved_count,section,shuffled_score,source_family,source_labeled_refs,source_mismatch_rate,source_mismatch_refs,success_rate,support_only_count,task_family,top_memory_id,top_source_family,top_trigger_family,total_retrieved_refs,trigger_family,trigger_match_score_max,trigger_match_score_mean,trigger_match_score_min,trigger_match_score_p25,trigger_match_score_p50,trigger_match_score_p75,trigger_mismatch_rate,trigger_mismatch_refs,unnecessary_agent_calls,variant,verdict
,,,,,,0.0,,8,,,,0.943,0,,0.0,,,0.0,,0.0,,,per_family_metrics,,,,,,1.0,0,code_review,,,,,,,,,,,,,,2.875,mas_no_memory,
,,,,,,0.0,,7,,,,0.949,0,,0.0,,,0.0,,0.0,,,per_family_metrics,,,,,,1.0,0,content_creation,,,,,,,,,,,,,,2.571,mas_no_memory,
,,,,,,0.0,,6,,,,0.967,0,,0.0,,,0.0,,0.0,,,per_family_metrics,,,,,,1.0,0,data_analysis,,,,,,,,,,,,,,1.667,mas_no_memory,
,,,,,,0.0,,12,,,,0.392,0,,0.333,,,0.5,,0.0,,,per_family_metrics,,,,,,0.0,0,debugging,,,,,,,,,,,,,,6.167,mas_no_memory,
,,,,,,0.0,,16,,,,0.319,0,,0.333,,,0.0,,0.0,,,per_family_metrics,,,,,,0.0,0,dynamic_recovery,,,,,,,,,,,,,,5.25,mas_no_memory,
,,,,,,0.0,,14,,,,0.214,0,,0.333,,,2.0,,0.0,,,per_family_metrics,,,,,,0.0,0,evidence_based_writing,,,,,,,,,,,,,,4.786,mas_no_memory,
,,,,,,0.0,,10,,,,0.2,0,,0.0,,,1.5,,0.0,,,per_family_metrics,,,,,,0.0,0,form_submission,,,,,,,,,,,,,,3.0,mas_no_memory,
,,,,,,0.0,,15,,,,0.253,0,,0.0,,,1.5,,0.0,,,per_family_metrics,,,,,,0.0,0,multi_source_conflict,,,,,,,,,,,,,,2.267,mas_no_memory,
,,,,,,0.0,,8,,,,0.93,0,,0.0,,,0.0,,0.0,,,per_family_metrics,,,,,,1.0,0,research_report,,,,,,,,,,,,,,3.5,mas_no_memory,
,,,,,,0.0,,4,,,,0.98,0,,0.0,,,0.0,,0.0,,,per_family_metrics,,,,,,1.0,0,troubleshooting,,,,,,,,,,,,,,1.0,mas_no_memory,
,,,,,,0.0,,8,,,,0.938,0,,0.0,,,0.0,,0.0,,,per_family_metrics,,,,,,1.0,49,code_review,,,,,,,,,,,,,,3.125,mas_orchestrator_memory,
,,,,,,0.0,,7,,,,0.983,0,,0.0,,,0.0,,0.0,,,per_family_metrics,,,,,,1.0,36,content_creation,,,,,,,,,,,,,,0.857,mas_orchestrator_memory,
,,,,,,0.0,,6,,,,0.913,0,,0.0,,,0.0,,0.0,,,per_family_metrics,,,,,,1.0,45,data_analysis,,,,,,,,,,,,,,4.333,mas_orchestrator_memory,
,,,,,,0.0,,12,,,,0.758,33,,0.0,,,0.0,,0.0,,,per_family_metrics,,,,,,0.667,73,debugging,,,,,,,,,,,,,,4.833,mas_orchestrator_memory,
,,,,,,0.0,,16,,,,0.331,11,,0.333,,,0.0,,0.0,,,per_family_metrics,,,,,,0.0,19,dynamic_recovery,,,,,,,,,,,,,,5.125,mas_orchestrator_memory,
,,,,,,0.0,,14,,,,0.293,5,,0.428,,,1.429,,0.0,,,per_family_metrics,,,,,,0.0,21,evidence_based_writing,,,,,,,,,,,,,,4.857,mas_orchestrator_memory,
,,,,,,0.0,,10,,,,0.36,7,,0.0,,,1.1,,0.0,,,per_family_metrics,,,,,,0.0,27,form_submission,,,,,,,,,,,,,,3.8,mas_orchestrator_memory,
,,,,,,0.0,,15,,,,0.437,10,,0.0,,,0.967,,0.0,,,per_family_metrics,,,,,,0.2,48,multi_source_conflict,,,,,,,,,,,,,,3.6,mas_orchestrator_memory,
,,,,,,0.0,,8,,,,0.945,0,,0.0,,,0.0,,0.0,,,per_family_metrics,,,,,,1.0,45,research_report,,,,,,,,,,,,,,2.75,mas_orchestrator_memory,
,,,,,,0.0,,4,,,,0.93,0,,0.0,,,0.0,,0.0,,,per_family_metrics,,,,,,1.0,25,troubleshooting,,,,,,,,,,,,,,3.5,mas_orchestrator_memory,
,,,,,,0.0,,8,,,,0.917,0,,0.0,,,0.0,,0.0,,,per_family_metrics,,,,,,1.0,0,code_review,,,,,,,,,,,,,,4.125,mas_shuffled_memory,
,,,,,,0.0,,7,,,,0.971,0,,0.0,,,0.0,,0.0,,,per_family_metrics,,,,,,1.0,0,content_creation,,,,,,,,,,,,,,1.429,mas_shuffled_memory,
,,,,,,0.0,,6,,,,0.947,0,,0.0,,,0.0,,0.0,,,per_family_metrics,,,,,,1.0,0,data_analysis,,,,,,,,,,,,,,2.667,mas_shuffled_memory,
,,,,,,0.0,,12,,,,0.442,0,,0.333,,,0.5,,0.0,,,per_family_metrics,,,,,,0.0,0,debugging,,,,,,,,,,,,,,5.167,mas_shuffled_memory,
,,,,,,0.0,,16,,,,0.431,0,,0.333,,,0.0,,0.0,,,per_family_metrics,,,,,,0.0,0,dynamic_recovery,,,,,,,,,,,,,,4.375,mas_shuffled_memory,
,,,,,,0.0,,14,,,,0.257,0,,0.333,,,2.0,,0.0,,,per_family_metrics,,,,,,0.0,0,evidence_based_writing,,,,,,,,,,,,,,3.857,mas_shuffled_memory,
,,,,,,0.0,,10,,,,0.675,11,,0.0,,,0.5,,0.0,,,per_family_metrics,,,,,,0.3,64,form_submission,,,,,,,,,,,,,,3.5,mas_shuffled_memory,
,,,,,,0.0,,15,,,,0.687,18,,0.0,,,0.5,,0.0,,,per_family_metrics,,,,,,0.267,91,multi_source_conflict,,,,,,,,,,,,,,3.267,mas_shuffled_memory,
,,,,,,0.0,,8,,,,0.943,0,,0.0,,,0.0,,0.0,,,per_family_metrics,,,,,,1.0,0,research_report,,,,,,,,,,,,,,2.875,mas_shuffled_memory,
,,,,,,0.0,,4,,,,0.905,0,,0.0,,,0.0,,0.0,,,per_family_metrics,,,,,,1.0,0,troubleshooting,,,,,,,,,,,,,,4.75,mas_shuffled_memory,
,,,108,,,,,,,,,,,,,,,,,,,,confusion_matrix_trigger,,,,,,,,code_review,,,,,code_review,,,,,,,,,,mas_orchestrator_memory,
,,,10,,,,,,,,,,,,,,,,,,,,confusion_matrix_trigger,,,,,,,,code_review,,,,,data_analysis,,,,,,,,,,mas_orchestrator_memory,
,,,14,,,,,,,,,,,,,,,,,,,,confusion_matrix_trigger,,,,,,,,code_review,,,,,troubleshooting,,,,,,,,,,mas_orchestrator_memory,
,,,104,,,,,,,,,,,,,,,,,,,,confusion_matrix_trigger,,,,,,,,content_creation,,,,,content_creation,,,,,,,,,,mas_orchestrator_memory,
,,,14,,,,,,,,,,,,,,,,,,,,confusion_matrix_trigger,,,,,,,,content_creation,,,,,research_report,,,,,,,,,,mas_orchestrator_memory,
,,,90,,,,,,,,,,,,,,,,,,,,confusion_matrix_trigger,,,,,,,,data_analysis,,,,,data_analysis,,,,,,,,,,mas_orchestrator_memory,
,,,28,,,,,,,,,,,,,,,,,,,,confusion_matrix_trigger,,,,,,,,data_analysis,,,,,research_report,,,,,,,,,,mas_orchestrator_memory,
,,,18,,,,,,,,,,,,,,,,,,,,confusion_matrix_trigger,,,,,,,,debugging,,,,,code_review,,,,,,,,,,mas_orchestrator_memory,
,,,24,,,,,,,,,,,,,,,,,,,,confusion_matrix_trigger,,,,,,,,debugging,,,,,content_creation,,,,,,,,,,mas_orchestrator_memory,
,,,28,,,,,,,,,,,,,,,,,,,,confusion_matrix_trigger,,,,,,,,debugging,,,,,data_analysis,,,,,,,,,,mas_orchestrator_memory,
,,,212,,,,,,,,,,,,,,,,,,,,confusion_matrix_trigger,,,,,,,,debugging,,,,,debugging,,,,,,,,,,mas_orchestrator_memory,
,,,20,,,,,,,,,,,,,,,,,,,,confusion_matrix_trigger,,,,,,,,debugging,,,,,research_report,,,,,,,,,,mas_orchestrator_memory,
,,,14,,,,,,,,,,,,,,,,,,,,confusion_matrix_trigger,,,,,,,,debugging,,,,,troubleshooting,,,,,,,,,,mas_orchestrator_memory,
,,,60,,,,,,,,,,,,,,,,,,,,confusion_matrix_trigger,,,,,,,,dynamic_recovery,,,,,dynamic_recovery,,,,,,,,,,mas_orchestrator_memory,
,,,68,,,,,,,,,,,,,,,,,,,,confusion_matrix_trigger,,,,,,,,dynamic_recovery,,,,,research_report,,,,,,,,,,mas_orchestrator_memory,
,,,14,,,,,,,,,,,,,,,,,,,,confusion_matrix_trigger,,,,,,,,dynamic_recovery,,,,,troubleshooting,,,,,,,,,,mas_orchestrator_memory,
,,,18,,,,,,,,,,,,,,,,,,,,confusion_matrix_trigger,,,,,,,,evidence_based_writing,,,,,content_creation,,,,,,,,,,mas_orchestrator_memory,
,,,24,,,,,,,,,,,,,,,,,,,,confusion_matrix_trigger,,,,,,,,evidence_based_writing,,,,,data_analysis,,,,,,,,,,mas_orchestrator_memory,
,,,52,,,,,,,,,,,,,,,,,,,,confusion_matrix_trigger,,,,,,,,evidence_based_writing,,,,,evidence_based_writing,,,,,,,,,,mas_orchestrator_memory,
,,,14,,,,,,,,,,,,,,,,,,,,confusion_matrix_trigger,,,,,,,,evidence_based_writing,,,,,research_report,,,,,,,,,,mas_orchestrator_memory,
,,,14,,,,,,,,,,,,,,,,,,,,confusion_matrix_trigger,,,,,,,,form_submission,,,,,code_review,,,,,,,,,,mas_orchestrator_memory,
,,,14,,,,,,,,,,,,,,,,,,,,confusion_matrix_trigger,,,,,,,,form_submission,,,,,content_creation,,,,,,,,,,mas_orchestrator_memory,
,,,32,,,,,,,,,,,,,,,,,,,,confusion_matrix_trigger,,,,,,,,form_submission,,,,,data_analysis,,,,,,,,,,mas_orchestrator_memory,
,,,68,,,,,,,,,,,,,,,,,,,,confusion_matrix_trigger,,,,,,,,form_submission,,,,,form_submission,,,,,,,,,,mas_orchestrator_memory,
,,,20,,,,,,,,,,,,,,,,,,,,confusion_matrix_trigger,,,,,,,,form_submission,,,,,research_report,,,,,,,,,,mas_orchestrator_memory,
,,,14,,,,,,,,,,,,,,,,,,,,confusion_matrix_trigger,,,,,,,,form_submission,,,,,troubleshooting,,,,,,,,,,mas_orchestrator_memory,
,,,18,,,,,,,,,,,,,,,,,,,,confusion_matrix_trigger,,,,,,,,multi_source_conflict,,,,,code_review,,,,,,,,,,mas_orchestrator_memory,
,,,24,,,,,,,,,,,,,,,,,,,,confusion_matrix_trigger,,,,,,,,multi_source_conflict,,,,,content_creation,,,,,,,,,,mas_orchestrator_memory,
,,,28,,,,,,,,,,,,,,,,,,,,confusion_matrix_trigger,,,,,,,,multi_source_conflict,,,,,data_analysis,,,,,,,,,,mas_orchestrator_memory,
,,,116,,,,,,,,,,,,,,,,,,,,confusion_matrix_trigger,,,,,,,,multi_source_conflict,,,,,multi_source_conflict,,,,,,,,,,mas_orchestrator_memory,
,,,26,,,,,,,,,,,,,,,,,,,,confusion_matrix_trigger,,,,,,,,multi_source_conflict,,,,,research_report,,,,,,,,,,mas_orchestrator_memory,
,,,14,,,,,,,,,,,,,,,,,,,,confusion_matrix_trigger,,,,,,,,multi_source_conflict,,,,,troubleshooting,,,,,,,,,,mas_orchestrator_memory,
,,,32,,,,,,,,,,,,,,,,,,,,confusion_matrix_trigger,,,,,,,,research_report,,,,,code_review,,,,,,,,,,mas_orchestrator_memory,
,,,14,,,,,,,,,,,,,,,,,,,,confusion_matrix_trigger,,,,,,,,research_report,,,,,content_creation,,,,,,,,,,mas_orchestrator_memory,
,,,90,,,,,,,,,,,,,,,,,,,,confusion_matrix_trigger,,,,,,,,research_report,,,,,research_report,,,,,,,,,,mas_orchestrator_memory,
,,,14,,,,,,,,,,,,,,,,,,,,confusion_matrix_trigger,,,,,,,,research_report,,,,,troubleshooting,,,,,,,,,,mas_orchestrator_memory,
,,,14,,,,,,,,,,,,,,,,,,,,confusion_matrix_trigger,,,,,,,,troubleshooting,,,,,code_review,,,,,,,,,,mas_orchestrator_memory,
,,,50,,,,,,,,,,,,,,,,,,,,confusion_matrix_trigger,,,,,,,,troubleshooting,,,,,troubleshooting,,,,,,,,,,mas_orchestrator_memory,
,,,194,,,,,,,,,,,,,,,,,,,,confusion_matrix_trigger,,,,,,,,debugging,,,,,debugging,,,,,,,,,,mas_shuffled_memory,
,,,244,,,,,,,,,,,,,,,,,,,,confusion_matrix_trigger,,,,,,,,dynamic_recovery,,,,,dynamic_recovery,,,,,,,,,,mas_shuffled_memory,
,,,182,,,,,,,,,,,,,,,,,,,,confusion_matrix_trigger,,,,,,,,evidence_based_writing,,,,,evidence_based_writing,,,,,,,,,,mas_shuffled_memory,
,,,154,,,,,,,,,,,,,,,,,,,,confusion_matrix_trigger,,,,,,,,form_submission,,,,,form_submission,,,,,,,,,,mas_shuffled_memory,
,,,215,,,,,,,,,,,,,,,,,,,,confusion_matrix_trigger,,,,,,,,multi_source_conflict,,,,,multi_source_conflict,,,,,,,,,,mas_shuffled_memory,
,,,108,,,,,,,,,,,,,,,,,,,,confusion_matrix_source,,code_review,,,,,,code_review,,,,,,,,,,,,,,,mas_orchestrator_memory,
,,,10,,,,,,,,,,,,,,,,,,,,confusion_matrix_source,,data_analysis,,,,,,code_review,,,,,,,,,,,,,,,mas_orchestrator_memory,
,,,14,,,,,,,,,,,,,,,,,,,,confusion_matrix_source,,troubleshooting,,,,,,code_review,,,,,,,,,,,,,,,mas_orchestrator_memory,
,,,104,,,,,,,,,,,,,,,,,,,,confusion_matrix_source,,content_creation,,,,,,content_creation,,,,,,,,,,,,,,,mas_orchestrator_memory,
,,,14,,,,,,,,,,,,,,,,,,,,confusion_matrix_source,,research_report,,,,,,content_creation,,,,,,,,,,,,,,,mas_orchestrator_memory,
,,,90,,,,,,,,,,,,,,,,,,,,confusion_matrix_source,,data_analysis,,,,,,data_analysis,,,,,,,,,,,,,,,mas_orchestrator_memory,
,,,28,,,,,,,,,,,,,,,,,,,,confusion_matrix_source,,research_report,,,,,,data_analysis,,,,,,,,,,,,,,,mas_orchestrator_memory,
,,,18,,,,,,,,,,,,,,,,,,,,confusion_matrix_source,,code_review,,,,,,debugging,,,,,,,,,,,,,,,mas_orchestrator_memory,
,,,24,,,,,,,,,,,,,,,,,,,,confusion_matrix_source,,content_creation,,,,,,debugging,,,,,,,,,,,,,,,mas_orchestrator_memory,
,,,28,,,,,,,,,,,,,,,,,,,,confusion_matrix_source,,data_analysis,,,,,,debugging,,,,,,,,,,,,,,,mas_orchestrator_memory,
,,,212,,,,,,,,,,,,,,,,,,,,confusion_matrix_source,,debugging,,,,,,debugging,,,,,,,,,,,,,,,mas_orchestrator_memory,
,,,20,,,,,,,,,,,,,,,,,,,,confusion_matrix_source,,research_report,,,,,,debugging,,,,,,,,,,,,,,,mas_orchestrator_memory,
,,,14,,,,,,,,,,,,,,,,,,,,confusion_matrix_source,,troubleshooting,,,,,,debugging,,,,,,,,,,,,,,,mas_orchestrator_memory,
,,,60,,,,,,,,,,,,,,,,,,,,confusion_matrix_source,,dynamic_recovery,,,,,,dynamic_recovery,,,,,,,,,,,,,,,mas_orchestrator_memory,
,,,68,,,,,,,,,,,,,,,,,,,,confusion_matrix_source,,research_report,,,,,,dynamic_recovery,,,,,,,,,,,,,,,mas_orchestrator_memory,
,,,14,,,,,,,,,,,,,,,,,,,,confusion_matrix_source,,troubleshooting,,,,,,dynamic_recovery,,,,,,,,,,,,,,,mas_orchestrator_memory,
,,,18,,,,,,,,,,,,,,,,,,,,confusion_matrix_source,,content_creation,,,,,,evidence_based_writing,,,,,,,,,,,,,,,mas_orchestrator_memory,
,,,24,,,,,,,,,,,,,,,,,,,,confusion_matrix_source,,data_analysis,,,,,,evidence_based_writing,,,,,,,,,,,,,,,mas_orchestrator_memory,
,,,52,,,,,,,,,,,,,,,,,,,,confusion_matrix_source,,evidence_based_writing,,,,,,evidence_based_writing,,,,,,,,,,,,,,,mas_orchestrator_memory,
,,,14,,,,,,,,,,,,,,,,,,,,confusion_matrix_source,,research_report,,,,,,evidence_based_writing,,,,,,,,,,,,,,,mas_orchestrator_memory,
,,,14,,,,,,,,,,,,,,,,,,,,confusion_matrix_source,,code_review,,,,,,form_submission,,,,,,,,,,,,,,,mas_orchestrator_memory,
,,,14,,,,,,,,,,,,,,,,,,,,confusion_matrix_source,,content_creation,,,,,,form_submission,,,,,,,,,,,,,,,mas_orchestrator_memory,
,,,32,,,,,,,,,,,,,,,,,,,,confusion_matrix_source,,data_analysis,,,,,,form_submission,,,,,,,,,,,,,,,mas_orchestrator_memory,
,,,68,,,,,,,,,,,,,,,,,,,,confusion_matrix_source,,form_submission,,,,,,form_submission,,,,,,,,,,,,,,,mas_orchestrator_memory,
,,,20,,,,,,,,,,,,,,,,,,,,confusion_matrix_source,,research_report,,,,,,form_submission,,,,,,,,,,,,,,,mas_orchestrator_memory,
,,,14,,,,,,,,,,,,,,,,,,,,confusion_matrix_source,,troubleshooting,,,,,,form_submission,,,,,,,,,,,,,,,mas_orchestrator_memory,
,,,18,,,,,,,,,,,,,,,,,,,,confusion_matrix_source,,code_review,,,,,,multi_source_conflict,,,,,,,,,,,,,,,mas_orchestrator_memory,
,,,24,,,,,,,,,,,,,,,,,,,,confusion_matrix_source,,content_creation,,,,,,multi_source_conflict,,,,,,,,,,,,,,,mas_orchestrator_memory,
,,,28,,,,,,,,,,,,,,,,,,,,confusion_matrix_source,,data_analysis,,,,,,multi_source_conflict,,,,,,,,,,,,,,,mas_orchestrator_memory,
,,,116,,,,,,,,,,,,,,,,,,,,confusion_matrix_source,,multi_source_conflict,,,,,,multi_source_conflict,,,,,,,,,,,,,,,mas_orchestrator_memory,
,,,26,,,,,,,,,,,,,,,,,,,,confusion_matrix_source,,research_report,,,,,,multi_source_conflict,,,,,,,,,,,,,,,mas_orchestrator_memory,
,,,14,,,,,,,,,,,,,,,,,,,,confusion_matrix_source,,troubleshooting,,,,,,multi_source_conflict,,,,,,,,,,,,,,,mas_orchestrator_memory,
,,,32,,,,,,,,,,,,,,,,,,,,confusion_matrix_source,,code_review,,,,,,research_report,,,,,,,,,,,,,,,mas_orchestrator_memory,
,,,14,,,,,,,,,,,,,,,,,,,,confusion_matrix_source,,content_creation,,,,,,research_report,,,,,,,,,,,,,,,mas_orchestrator_memory,
,,,90,,,,,,,,,,,,,,,,,,,,confusion_matrix_source,,research_report,,,,,,research_report,,,,,,,,,,,,,,,mas_orchestrator_memory,
,,,14,,,,,,,,,,,,,,,,,,,,confusion_matrix_source,,troubleshooting,,,,,,research_report,,,,,,,,,,,,,,,mas_orchestrator_memory,
,,,14,,,,,,,,,,,,,,,,,,,,confusion_matrix_source,,code_review,,,,,,troubleshooting,,,,,,,,,,,,,,,mas_orchestrator_memory,
,,,50,,,,,,,,,,,,,,,,,,,,confusion_matrix_source,,troubleshooting,,,,,,troubleshooting,,,,,,,,,,,,,,,mas_orchestrator_memory,
,,,194,,,,,,,,,,,,,,,,,,,,confusion_matrix_source,,evidence_based_writing,,,,,,debugging,,,,,,,,,,,,,,,mas_shuffled_memory,
,,,244,,,,,,,,,,,,,,,,,,,,confusion_matrix_source,,debugging,,,,,,dynamic_recovery,,,,,,,,,,,,,,,mas_shuffled_memory,
,,,182,,,,,,,,,,,,,,,,,,,,confusion_matrix_source,,dynamic_recovery,,,,,,evidence_based_writing,,,,,,,,,,,,,,,mas_shuffled_memory,
,,,154,,,,,,,,,,,,,,,,,,,,confusion_matrix_source,,form_submission,,,,,,form_submission,,,,,,,,,,,,,,,mas_shuffled_memory,
,,,215,,,,,,,,,,,,,,,,,,,,confusion_matrix_source,,multi_source_conflict,,,,,,multi_source_conflict,,,,,,,,,,,,,,,mas_shuffled_memory,
,,,127,,,,,,,,,,,820afdec-004d-4dd0-a759-670255772865,,,,,,,,,top_retrieved_memory,,debugging,,,,,,dynamic_recovery,,,,,dynamic_recovery,,,,,,,,,,mas_shuffled_memory,
,,,117,,,,,,,,,,,5c40b80b-aa4d-41f5-bdb8-cdf0c5c71904,,,,,,,,,top_retrieved_memory,,debugging,,,,,,dynamic_recovery,,,,,dynamic_recovery,,,,,,,,,,mas_shuffled_memory,
,,,109,,,,,,,,,,,eb8da17d-cd91-4413-8c06-7f127d72cbd9,,,,,,,,,top_retrieved_memory,,multi_source_conflict,,,,,,multi_source_conflict,,,,,multi_source_conflict,,,,,,,,,,mas_shuffled_memory,
,,,106,,,,,,,,,,,ab5b9c04-77b3-4686-9561-d4b529ee9433,,,,,,,,,top_retrieved_memory,,debugging,,,,,,debugging,,,,,debugging,,,,,,,,,,mas_orchestrator_memory,
,,,106,,,,,,,,,,,158dd7a4-a12e-41b3-a62f-8d5ecb6df0b3,,,,,,,,,top_retrieved_memory,,debugging,,,,,,debugging,,,,,debugging,,,,,,,,,,mas_orchestrator_memory,
,,,106,,,,,,,,,,,e71fe44e-da3d-456e-8c06-6fd3585d9e27,,,,,,,,,top_retrieved_memory,,multi_source_conflict,,,,,,multi_source_conflict,,,,,multi_source_conflict,,,,,,,,,,mas_shuffled_memory,
,,,98,,,,,,,,,,,22fca269-51ca-4f80-88ef-57b4d0d82051,,,,,,,,,top_retrieved_memory,,evidence_based_writing,,,,,,debugging,,,,,debugging,,,,,,,,,,mas_shuffled_memory,
,,,96,,,,,,,,,,,2676a723-c0d9-41fd-9741-5442e6c8d6bb,,,,,,,,,top_retrieved_memory,,dynamic_recovery,,,,,,evidence_based_writing,,,,,evidence_based_writing,,,,,,,,,,mas_shuffled_memory,
,,,96,,,,,,,,,,,3cb5febb-2c4f-4c35-a74a-1e3bdcbb7f0b,,,,,,,,,top_retrieved_memory,,evidence_based_writing,,,,,,debugging,,,,,debugging,,,,,,,,,,mas_shuffled_memory,
,,,86,,,,,,,,,,,f2485b8b-3433-43e1-877c-3c8db9710763,,,,,,,,,top_retrieved_memory,,dynamic_recovery,,,,,,evidence_based_writing,,,,,evidence_based_writing,,,,,,,,,,mas_shuffled_memory,
,,,79,,,,,,,,,,,8be29d2b-3125-42a6-8fb1-dc0f79db4436,,,,,,,,,top_retrieved_memory,,form_submission,,,,,,form_submission,,,,,form_submission,,,,,,,,,,mas_shuffled_memory,
,,,75,,,,,,,,,,,fb58f616-7d81-4d89-8187-9ea1cada5d13,,,,,,,,,top_retrieved_memory,,form_submission,,,,,,form_submission,,,,,form_submission,,,,,,,,,,mas_shuffled_memory,
,,,58,,,,,,,,,,,cb45b842-b584-4397-9231-149cda45883f,,,,,,,,,top_retrieved_memory,,multi_source_conflict,,,,,,multi_source_conflict,,,,,multi_source_conflict,,,,,,,,,,mas_orchestrator_memory,
,,,58,,,,,,,,,,,bbaef215-7103-472d-be46-7e02ba72f0ea,,,,,,,,,top_retrieved_memory,,multi_source_conflict,,,,,,multi_source_conflict,,,,,multi_source_conflict,,,,,,,,,,mas_orchestrator_memory,
,,,49,,,,,,,,,,,4b7af98d-2e35-4c01-bc5b-6c16ca418ebc,,,,,,,,,top_retrieved_memory,,,,,,,,code_review,,,,,code_review,,,,,,,,,,mas_orchestrator_memory,
,,,49,,,,,,,,,,,725a3f81-1a5b-47fb-b00f-4b958aace7b8,,,,,,,,,top_retrieved_memory,,,,,,,,code_review,,,,,code_review,,,,,,,,,,mas_orchestrator_memory,
,,,45,,,,,,,,,,,1cf3b2c8-486b-49a1-9498-cbb9f7f27b33,,,,,,,,,top_retrieved_memory,,,,,,,,research_report,,,,,research_report,,,,,,,,,,mas_orchestrator_memory,
,,,45,,,,,,,,,,,ab3b13ed-4068-4035-9fac-a75a65569305,,,,,,,,,top_retrieved_memory,,,,,,,,data_analysis,,,,,data_analysis,,,,,,,,,,mas_orchestrator_memory,
,,,45,,,,,,,,,,,8f391f64-6e38-46ef-8b3e-b9a83b2fb01b,,,,,,,,,top_retrieved_memory,,,,,,,,data_analysis,,,,,data_analysis,,,,,,,,,,mas_orchestrator_memory,
,,,45,,,,,,,,,,,903812d2-fcf8-453e-b829-37e6ae9037ed,,,,,,,,,top_retrieved_memory,,,,,,,,research_report,,,,,research_report,,,,,,,,,,mas_orchestrator_memory,
,,,36,,,,,,,,,,,185cc9ef-55d0-4d0c-926e-5a3ed7d2f593,,,,,,,,,top_retrieved_memory,,,,,,,,content_creation,,,,,content_creation,,,,,,,,,,mas_orchestrator_memory,
,,,36,,,,,,,,,,,1cab6efa-dfa3-4688-a775-5819a128ec8a,,,,,,,,,top_retrieved_memory,,,,,,,,content_creation,,,,,content_creation,,,,,,,,,,mas_orchestrator_memory,
,,,34,,,,,,,,,,,da8edf39-bb77-4a04-ac0a-bc951a352d6d,,,,,,,,,top_retrieved_memory,,,,,,,,dynamic_recovery,,,,,research_report,,,,,,,,,,mas_orchestrator_memory,
,,,34,,,,,,,,,,,9e18ec9c-354a-436c-aca1-8d9f5b5c252b,,,,,,,,,top_retrieved_memory,,form_submission,,,,,,form_submission,,,,,form_submission,,,,,,,,,,mas_orchestrator_memory,
,,,34,,,,,,,,,,,93d3ad73-8ff3-43af-a2f7-58ce55d59572,,,,,,,,,top_retrieved_memory,,,,,,,,dynamic_recovery,,,,,research_report,,,,,,,,,,mas_orchestrator_memory,
,,,34,,,,,,,,,,,66f04189-32a3-4e25-bb4b-53c932f60c81,,,,,,,,,top_retrieved_memory,,form_submission,,,,,,form_submission,,,,,form_submission,,,,,,,,,,mas_orchestrator_memory,
,,,30,,,,,,,,,,,f2174637-20e1-4774-aec3-902e73e652a9,,,,,,,,,top_retrieved_memory,,dynamic_recovery,,,,,,dynamic_recovery,,,,,dynamic_recovery,,,,,,,,,,mas_orchestrator_memory,
,,,30,,,,,,,,,,,2aa154fa-e9a5-4d54-965e-4e2ef658dc41,,,,,,,,,top_retrieved_memory,,dynamic_recovery,,,,,,dynamic_recovery,,,,,dynamic_recovery,,,,,,,,,,mas_orchestrator_memory,
,,,26,,,,,,,,,,,2bd968ec-a926-40a0-851e-5d71100c79aa,,,,,,,,,top_retrieved_memory,,evidence_based_writing,,,,,,evidence_based_writing,,,,,evidence_based_writing,,,,,,,,,,mas_orchestrator_memory,
,,,26,,,,,,,,,,,b36be4dc-4fc4-46fa-ab70-393952186cfb,,,,,,,,,top_retrieved_memory,,evidence_based_writing,,,,,,evidence_based_writing,,,,,evidence_based_writing,,,,,,,,,,mas_orchestrator_memory,
,,,25,,,,,,,,,,,ba7926ad-6468-4c37-bf26-145a88bb08f3,,,,,,,,,top_retrieved_memory,,,,,,,,troubleshooting,,,,,troubleshooting,,,,,,,,,,mas_orchestrator_memory,
,,,25,,,,,,,,,,,966b7962-dc64-48f9-bab5-effd232e2bc6,,,,,,,,,top_retrieved_memory,,,,,,,,troubleshooting,,,,,troubleshooting,,,,,,,,,,mas_orchestrator_memory,
,,,16,,,,,,,,,,,872eedfe-e03c-4825-840f-3f0fbeeffde0,,,,,,,,,top_retrieved_memory,,,,,,,,form_submission,,,,,data_analysis,,,,,,,,,,mas_orchestrator_memory,
,,,16,,,,,,,,,,,e213f316-066e-40e6-952e-502eae0a40a1,,,,,,,,,top_retrieved_memory,,,,,,,,content_creation,,,,,content_creation,,,,,,,,,,mas_orchestrator_memory,
,,,16,,,,,,,,,,,873fa517-edd5-42da-bbfe-dd12abff7404,,,,,,,,,top_retrieved_memory,,,,,,,,form_submission,,,,,data_analysis,,,,,,,,,,mas_orchestrator_memory,
,,,16,,,,,,,,,,,d103440a-f1a4-4c8a-977c-f45d7fee44ef,,,,,,,,,top_retrieved_memory,,,,,,,,research_report,,,,,code_review,,,,,,,,,,mas_orchestrator_memory,
,,,16,,,,,,,,,,,947eab93-0cd6-4b31-b956-8f2f83366a32,,,,,,,,,top_retrieved_memory,,,,,,,,content_creation,,,,,content_creation,,,,,,,,,,mas_orchestrator_memory,
,,,16,,,,,,,,,,,a9c169f0-7b0c-4dc0-90f8-ddfa42864fd3,,,,,,,,,top_retrieved_memory,,,,,,,,research_report,,,,,code_review,,,,,,,,,,mas_orchestrator_memory,
,,,14,,,,,,,,,,,873fa517-edd5-42da-bbfe-dd12abff7404,,,,,,,,,top_retrieved_memory,,,,,,,,debugging,,,,,data_analysis,,,,,,,,,,mas_orchestrator_memory,
,,,14,,,,,,,,,,,873fa517-edd5-42da-bbfe-dd12abff7404,,,,,,,,,top_retrieved_memory,,,,,,,,multi_source_conflict,,,,,data_analysis,,,,,,,,,,mas_orchestrator_memory,
,,,14,,,,,,,,,,,872eedfe-e03c-4825-840f-3f0fbeeffde0,,,,,,,,,top_retrieved_memory,,,,,,,,multi_source_conflict,,,,,data_analysis,,,,,,,,,,mas_orchestrator_memory,
,,,14,,,,,,,,,,,93d3ad73-8ff3-43af-a2f7-58ce55d59572,,,,,,,,,top_retrieved_memory,,,,,,,,data_analysis,,,,,research_report,,,,,,,,,,mas_orchestrator_memory,
,,,14,,,,,,,,,,,da8edf39-bb77-4a04-ac0a-bc951a352d6d,,,,,,,,,top_retrieved_memory,,,,,,,,data_analysis,,,,,research_report,,,,,,,,,,mas_orchestrator_memory,
,,,14,,,,,,,,,,,872eedfe-e03c-4825-840f-3f0fbeeffde0,,,,,,,,,top_retrieved_memory,,,,,,,,debugging,,,,,data_analysis,,,,,,,,,,mas_orchestrator_memory,
,,,13,,,,,,,,,,,93d3ad73-8ff3-43af-a2f7-58ce55d59572,,,,,,,,,top_retrieved_memory,,,,,,,,multi_source_conflict,,,,,research_report,,,,,,,,,,mas_orchestrator_memory,
,,,13,,,,,,,,,,,da8edf39-bb77-4a04-ac0a-bc951a352d6d,,,,,,,,,top_retrieved_memory,,,,,,,,multi_source_conflict,,,,,research_report,,,,,,,,,,mas_orchestrator_memory,
,,,12,,,,,,,,,,,947eab93-0cd6-4b31-b956-8f2f83366a32,,,,,,,,,top_retrieved_memory,,,,,,,,multi_source_conflict,,,,,content_creation,,,,,,,,,,mas_orchestrator_memory,
,,,12,,,,,,,,,,,947eab93-0cd6-4b31-b956-8f2f83366a32,,,,,,,,,top_retrieved_memory,,,,,,,,debugging,,,,,content_creation,,,,,,,,,,mas_orchestrator_memory,
,,,12,,,,,,,,,,,e213f316-066e-40e6-952e-502eae0a40a1,,,,,,,,,top_retrieved_memory,,,,,,,,multi_source_conflict,,,,,content_creation,,,,,,,,,,mas_orchestrator_memory,
,,,12,,,,,,,,,,,872eedfe-e03c-4825-840f-3f0fbeeffde0,,,,,,,,,top_retrieved_memory,,,,,,,,evidence_based_writing,,,,,data_analysis,,,,,,,,,,mas_orchestrator_memory,
,,,12,,,,,,,,,,,873fa517-edd5-42da-bbfe-dd12abff7404,,,,,,,,,top_retrieved_memory,,,,,,,,evidence_based_writing,,,,,data_analysis,,,,,,,,,,mas_orchestrator_memory,
,,,12,,,,,,,,,,,e213f316-066e-40e6-952e-502eae0a40a1,,,,,,,,,top_retrieved_memory,,,,,,,,debugging,,,,,content_creation,,,,,,,,,,mas_orchestrator_memory,
,,,10,,,,,,,,,,,93d3ad73-8ff3-43af-a2f7-58ce55d59572,,,,,,,,,top_retrieved_memory,,,,,,,,debugging,,,,,research_report,,,,,,,,,,mas_orchestrator_memory,
,,,10,,,,,,,,,,,da8edf39-bb77-4a04-ac0a-bc951a352d6d,,,,,,,,,top_retrieved_memory,,,,,,,,form_submission,,,,,research_report,,,,,,,,,,mas_orchestrator_memory,
,,,10,,,,,,,,,,,da8edf39-bb77-4a04-ac0a-bc951a352d6d,,,,,,,,,top_retrieved_memory,,,,,,,,debugging,,,,,research_report,,,,,,,,,,mas_orchestrator_memory,
,,,10,,,,,,,,,,,93d3ad73-8ff3-43af-a2f7-58ce55d59572,,,,,,,,,top_retrieved_memory,,,,,,,,form_submission,,,,,research_report,,,,,,,,,,mas_orchestrator_memory,
,,,9,,,,,,,,,,,a9c169f0-7b0c-4dc0-90f8-ddfa42864fd3,,,,,,,,,top_retrieved_memory,,,,,,,,multi_source_conflict,,,,,code_review,,,,,,,,,,mas_orchestrator_memory,
,,,9,,,,,,,,,,,d103440a-f1a4-4c8a-977c-f45d7fee44ef,,,,,,,,,top_retrieved_memory,,,,,,,,debugging,,,,,code_review,,,,,,,,,,mas_orchestrator_memory,
,,,9,,,,,,,,,,,e213f316-066e-40e6-952e-502eae0a40a1,,,,,,,,,top_retrieved_memory,,,,,,,,evidence_based_writing,,,,,content_creation,,,,,,,,,,mas_orchestrator_memory,
,,,9,,,,,,,,,,,a9c169f0-7b0c-4dc0-90f8-ddfa42864fd3,,,,,,,,,top_retrieved_memory,,,,,,,,debugging,,,,,code_review,,,,,,,,,,mas_orchestrator_memory,
,,,9,,,,,,,,,,,d103440a-f1a4-4c8a-977c-f45d7fee44ef,,,,,,,,,top_retrieved_memory,,,,,,,,multi_source_conflict,,,,,code_review,,,,,,,,,,mas_orchestrator_memory,
,,,9,,,,,,,,,,,947eab93-0cd6-4b31-b956-8f2f83366a32,,,,,,,,,top_retrieved_memory,,,,,,,,evidence_based_writing,,,,,content_creation,,,,,,,,,,mas_orchestrator_memory,
,,,7,,,,,,,,,,,d103440a-f1a4-4c8a-977c-f45d7fee44ef,,,,,,,,,top_retrieved_memory,,,,,,,,troubleshooting,,,,,code_review,,,,,,,,,,mas_orchestrator_memory,
,,,7,,,,,,,,,,,947eab93-0cd6-4b31-b956-8f2f83366a32,,,,,,,,,top_retrieved_memory,,,,,,,,form_submission,,,,,content_creation,,,,,,,,,,mas_orchestrator_memory,
,,,7,,,,,,,,,,,f9916f59-e857-4e17-90ad-c60e5bffb8fd,,,,,,,,,top_retrieved_memory,,,,,,,,multi_source_conflict,,,,,troubleshooting,,,,,,,,,,mas_orchestrator_memory,
,,,7,,,,,,,,,,,e213f316-066e-40e6-952e-502eae0a40a1,,,,,,,,,top_retrieved_memory,,,,,,,,research_report,,,,,content_creation,,,,,,,,,,mas_orchestrator_memory,
,,,7,,,,,,,,,,,70593e23-c314-4938-b47e-2151991334b4,,,,,,,,,top_retrieved_memory,,,,,,,,dynamic_recovery,,,,,troubleshooting,,,,,,,,,,mas_orchestrator_memory,
,,,7,,,,,,,,,,,f9916f59-e857-4e17-90ad-c60e5bffb8fd,,,,,,,,,top_retrieved_memory,,,,,,,,form_submission,,,,,troubleshooting,,,,,,,,,,mas_orchestrator_memory,
,,,7,,,,,,,,,,,947eab93-0cd6-4b31-b956-8f2f83366a32,,,,,,,,,top_retrieved_memory,,,,,,,,research_report,,,,,content_creation,,,,,,,,,,mas_orchestrator_memory,
,,,7,,,,,,,,,,,f9916f59-e857-4e17-90ad-c60e5bffb8fd,,,,,,,,,top_retrieved_memory,,,,,,,,research_report,,,,,troubleshooting,,,,,,,,,,mas_orchestrator_memory,
,,,7,,,,,,,,,,,70593e23-c314-4938-b47e-2151991334b4,,,,,,,,,top_retrieved_memory,,,,,,,,form_submission,,,,,troubleshooting,,,,,,,,,,mas_orchestrator_memory,
,,,7,,,,,,,,,,,93d3ad73-8ff3-43af-a2f7-58ce55d59572,,,,,,,,,top_retrieved_memory,,,,,,,,content_creation,,,,,research_report,,,,,,,,,,mas_orchestrator_memory,
,,,7,,,,,,,,,,,da8edf39-bb77-4a04-ac0a-bc951a352d6d,,,,,,,,,top_retrieved_memory,,,,,,,,evidence_based_writing,,,,,research_report,,,,,,,,,,mas_orchestrator_memory,
,,,7,,,,,,,,,,,70593e23-c314-4938-b47e-2151991334b4,,,,,,,,,top_retrieved_memory,,,,,,,,multi_source_conflict,,,,,troubleshooting,,,,,,,,,,mas_orchestrator_memory,
,,,7,,,,,,,,,,,f9916f59-e857-4e17-90ad-c60e5bffb8fd,,,,,,,,,top_retrieved_memory,,,,,,,,debugging,,,,,troubleshooting,,,,,,,,,,mas_orchestrator_memory,
,,,7,,,,,,,,,,,a9c169f0-7b0c-4dc0-90f8-ddfa42864fd3,,,,,,,,,top_retrieved_memory,,,,,,,,form_submission,,,,,code_review,,,,,,,,,,mas_orchestrator_memory,
,,,7,,,,,,,,,,,da8edf39-bb77-4a04-ac0a-bc951a352d6d,,,,,,,,,top_retrieved_memory,,,,,,,,content_creation,,,,,research_report,,,,,,,,,,mas_orchestrator_memory,
,,,7,,,,,,,,,,,e213f316-066e-40e6-952e-502eae0a40a1,,,,,,,,,top_retrieved_memory,,,,,,,,form_submission,,,,,content_creation,,,,,,,,,,mas_orchestrator_memory,
,,,7,,,,,,,,,,,70593e23-c314-4938-b47e-2151991334b4,,,,,,,,,top_retrieved_memory,,,,,,,,code_review,,,,,troubleshooting,,,,,,,,,,mas_orchestrator_memory,
,,,7,,,,,,,,,,,70593e23-c314-4938-b47e-2151991334b4,,,,,,,,,top_retrieved_memory,,,,,,,,debugging,,,,,troubleshooting,,,,,,,,,,mas_orchestrator_memory,
,,,7,,,,,,,,,,,70593e23-c314-4938-b47e-2151991334b4,,,,,,,,,top_retrieved_memory,,,,,,,,research_report,,,,,troubleshooting,,,,,,,,,,mas_orchestrator_memory,
,,,7,,,,,,,,,,,f9916f59-e857-4e17-90ad-c60e5bffb8fd,,,,,,,,,top_retrieved_memory,,,,,,,,code_review,,,,,troubleshooting,,,,,,,,,,mas_orchestrator_memory,
,,,7,,,,,,,,,,,93d3ad73-8ff3-43af-a2f7-58ce55d59572,,,,,,,,,top_retrieved_memory,,,,,,,,evidence_based_writing,,,,,research_report,,,,,,,,,,mas_orchestrator_memory,
,,,7,,,,,,,,,,,d103440a-f1a4-4c8a-977c-f45d7fee44ef,,,,,,,,,top_retrieved_memory,,,,,,,,form_submission,,,,,code_review,,,,,,,,,,mas_orchestrator_memory,
,,,7,,,,,,,,,,,a9c169f0-7b0c-4dc0-90f8-ddfa42864fd3,,,,,,,,,top_retrieved_memory,,,,,,,,troubleshooting,,,,,code_review,,,,,,,,,,mas_orchestrator_memory,
,,,7,,,,,,,,,,,f9916f59-e857-4e17-90ad-c60e5bffb8fd,,,,,,,,,top_retrieved_memory,,,,,,,,dynamic_recovery,,,,,troubleshooting,,,,,,,,,,mas_orchestrator_memory,
,,,5,,,,,,,,,,,d103440a-f1a4-4c8a-977c-f45d7fee44ef,,,,,,,,,top_retrieved_memory,,,,,,,,code_review,,,,,code_review,,,,,,,,,,mas_orchestrator_memory,
,,,5,,,,,,,,,,,872eedfe-e03c-4825-840f-3f0fbeeffde0,,,,,,,,,top_retrieved_memory,,,,,,,,code_review,,,,,data_analysis,,,,,,,,,,mas_orchestrator_memory,
,,,5,,,,,,,,,,,873fa517-edd5-42da-bbfe-dd12abff7404,,,,,,,,,top_retrieved_memory,,,,,,,,code_review,,,,,data_analysis,,,,,,,,,,mas_orchestrator_memory,
,,,5,,,,,,,,,,,a9c169f0-7b0c-4dc0-90f8-ddfa42864fd3,,,,,,,,,top_retrieved_memory,,,,,,,,code_review,,,,,code_review,,,,,,,,,,mas_orchestrator_memory,
,,,17,,,,,,,,none,,,,,,,,,,,,influence_counts,,,,,,,,code_review,,,,,,,,,,,,,,,mas_orchestrator_memory,
,,,115,,,,,,,,support_only,,,,,,,,,,,,influence_counts,,,,,,,,code_review,,,,,,,,,,,,,,,mas_orchestrator_memory,
,,,23,,,,,,,,none,,,,,,,,,,,,influence_counts,,,,,,,,content_creation,,,,,,,,,,,,,,,mas_orchestrator_memory,
,,,95,,,,,,,,support_only,,,,,,,,,,,,influence_counts,,,,,,,,content_creation,,,,,,,,,,,,,,,mas_orchestrator_memory,
,,,14,,,,,,,,none,,,,,,,,,,,,influence_counts,,,,,,,,data_analysis,,,,,,,,,,,,,,,mas_orchestrator_memory,
,,,104,,,,,,,,support_only,,,,,,,,,,,,influence_counts,,,,,,,,data_analysis,,,,,,,,,,,,,,,mas_orchestrator_memory,
,,,66,,,,,,,,changed_agent_selection,,,,,,,,,,,,influence_counts,,,,,,,,debugging,,,,,,,,,,,,,,,mas_orchestrator_memory,
,,,52,,,,,,,,none,,,,,,,,,,,,influence_counts,,,,,,,,debugging,,,,,,,,,,,,,,,mas_orchestrator_memory,
,,,198,,,,,,,,support_only,,,,,,,,,,,,influence_counts,,,,,,,,debugging,,,,,,,,,,,,,,,mas_orchestrator_memory,
,,,24,,,,,,,,changed_agent_selection,,,,,,,,,,,,influence_counts,,,,,,,,dynamic_recovery,,,,,,,,,,,,,,,mas_orchestrator_memory,
,,,41,,,,,,,,none,,,,,,,,,,,,influence_counts,,,,,,,,dynamic_recovery,,,,,,,,,,,,,,,mas_orchestrator_memory,
,,,77,,,,,,,,support_only,,,,,,,,,,,,influence_counts,,,,,,,,dynamic_recovery,,,,,,,,,,,,,,,mas_orchestrator_memory,
,,,10,,,,,,,,changed_agent_selection,,,,,,,,,,,,influence_counts,,,,,,,,evidence_based_writing,,,,,,,,,,,,,,,mas_orchestrator_memory,
,,,28,,,,,,,,none,,,,,,,,,,,,influence_counts,,,,,,,,evidence_based_writing,,,,,,,,,,,,,,,mas_orchestrator_memory,
,,,70,,,,,,,,support_only,,,,,,,,,,,,influence_counts,,,,,,,,evidence_based_writing,,,,,,,,,,,,,,,mas_orchestrator_memory,
,,,14,,,,,,,,changed_agent_selection,,,,,,,,,,,,influence_counts,,,,,,,,form_submission,,,,,,,,,,,,,,,mas_orchestrator_memory,
,,,47,,,,,,,,none,,,,,,,,,,,,influence_counts,,,,,,,,form_submission,,,,,,,,,,,,,,,mas_orchestrator_memory,
,,,101,,,,,,,,support_only,,,,,,,,,,,,influence_counts,,,,,,,,form_submission,,,,,,,,,,,,,,,mas_orchestrator_memory,
,,,20,,,,,,,,changed_agent_selection,,,,,,,,,,,,influence_counts,,,,,,,,multi_source_conflict,,,,,,,,,,,,,,,mas_orchestrator_memory,
,,,55,,,,,,,,none,,,,,,,,,,,,influence_counts,,,,,,,,multi_source_conflict,,,,,,,,,,,,,,,mas_orchestrator_memory,
,,,151,,,,,,,,support_only,,,,,,,,,,,,influence_counts,,,,,,,,multi_source_conflict,,,,,,,,,,,,,,,mas_orchestrator_memory,
,,,30,,,,,,,,none,,,,,,,,,,,,influence_counts,,,,,,,,research_report,,,,,,,,,,,,,,,mas_orchestrator_memory,
,,,120,,,,,,,,support_only,,,,,,,,,,,,influence_counts,,,,,,,,research_report,,,,,,,,,,,,,,,mas_orchestrator_memory,
,,,7,,,,,,,,none,,,,,,,,,,,,influence_counts,,,,,,,,troubleshooting,,,,,,,,,,,,,,,mas_orchestrator_memory,
,,,57,,,,,,,,support_only,,,,,,,,,,,,influence_counts,,,,,,,,troubleshooting,,,,,,,,,,,,,,,mas_orchestrator_memory,
,,,17,,,,,,,,changed_agent_selection,,,,,,,,,,,,influence_counts,,,,,,,,debugging,,,,,,,,,,,,,,,mas_shuffled_memory,
,,,98,,,,,,,,none,,,,,,,,,,,,influence_counts,,,,,,,,debugging,,,,,,,,,,,,,,,mas_shuffled_memory,
,,,79,,,,,,,,support_only,,,,,,,,,,,,influence_counts,,,,,,,,debugging,,,,,,,,,,,,,,,mas_shuffled_memory,
,,,45,,,,,,,,changed_agent_selection,,,,,,,,,,,,influence_counts,,,,,,,,dynamic_recovery,,,,,,,,,,,,,,,mas_shuffled_memory,
,,,117,,,,,,,,none,,,,,,,,,,,,influence_counts,,,,,,,,dynamic_recovery,,,,,,,,,,,,,,,mas_shuffled_memory,
,,,82,,,,,,,,support_only,,,,,,,,,,,,influence_counts,,,,,,,,dynamic_recovery,,,,,,,,,,,,,,,mas_shuffled_memory,
,,,18,,,,,,,,changed_agent_selection,,,,,,,,,,,,influence_counts,,,,,,,,evidence_based_writing,,,,,,,,,,,,,,,mas_shuffled_memory,
,,,96,,,,,,,,none,,,,,,,,,,,,influence_counts,,,,,,,,evidence_based_writing,,,,,,,,,,,,,,,mas_shuffled_memory,
,,,68,,,,,,,,support_only,,,,,,,,,,,,influence_counts,,,,,,,,evidence_based_writing,,,,,,,,,,,,,,,mas_shuffled_memory,
,,,26,,,,,,,,changed_agent_selection,,,,,,,,,,,,influence_counts,,,,,,,,form_submission,,,,,,,,,,,,,,,mas_shuffled_memory,
,,,128,,,,,,,,support_only,,,,,,,,,,,,influence_counts,,,,,,,,form_submission,,,,,,,,,,,,,,,mas_shuffled_memory,
,,,37,,,,,,,,changed_agent_selection,,,,,,,,,,,,influence_counts,,,,,,,,multi_source_conflict,,,,,,,,,,,,,,,mas_shuffled_memory,
,,,178,,,,,,,,support_only,,,,,,,,,,,,influence_counts,,,,,,,,multi_source_conflict,,,,,,,,,,,,,,,mas_shuffled_memory,
0,0,0,,,,,0,,,,,,,,,,,,,,,0,eligibility_summary,,,,,,,0,,,,,,,0.0,0.0,0.0,0.0,0.0,0.0,,,,mas_no_memory,
134,0,0,,,,,454,,,,,,,,,,,,,,,1536,eligibility_summary,,,,,,,1088,,,,,,,0.7,0.207,0.0,0.0,0.0,0.7,,,,mas_orchestrator_memory,
143,311,311,,,,,184,,,,,,,,,,,,,,,989,eligibility_summary,,,,,,,535,,,,,,,0.7,0.35,0.0,0.0,0.7,0.7,,,,mas_shuffled_memory,
,,,,,0.7000000000000001,,,,97,"{'changed_agent_selection': 2, 'support_only': 12}",,,,,,,0.1,,,,14,,shuffled_improved,0.8,,,,,,,multi_source_conflict,e71fe44e-da3d-456e-8c06-6fd3585d9e27,multi_source_conflict,multi_source_conflict,,,,,,,,,,,,,
,,,,,0.6499999999999999,,,,89,"{'changed_agent_selection': 3, 'support_only': 14}",,,,,,,0.05,,,,17,,shuffled_improved,0.7,,,,,,,multi_source_conflict,e71fe44e-da3d-456e-8c06-6fd3585d9e27,multi_source_conflict,multi_source_conflict,,,,,,,,,,,,,
,,,,,0.6000000000000001,,,,30,"{'changed_agent_selection': 2, 'support_only': 8}",,,,,,,0.2,,,,10,,shuffled_improved,0.8,,,,,,,form_submission,fb58f616-7d81-4d89-8187-9ea1cada5d13,form_submission,form_submission,,,,,,,,,,,,,
,,,,,0.6,,,,36,"{'changed_agent_selection': 2, 'support_only': 12}",,,,,,,0.1,,,,14,,shuffled_improved,0.7,,,,,,,form_submission,fb58f616-7d81-4d89-8187-9ea1cada5d13,form_submission,form_submission,,,,,,,,,,,,,
,,,,,0.6,,,,69,"{'changed_agent_selection': 2, 'support_only': 10}",,,,,,,0.1,,,,12,,shuffled_improved,0.7,,,,,,,multi_source_conflict,eb8da17d-cd91-4413-8c06-7f127d72cbd9,multi_source_conflict,multi_source_conflict,,,,,,,,,,,,,
,,,,,0.6,,,,74,"{'changed_agent_selection': 2, 'support_only': 12}",,,,,,,0.1,,,,14,,shuffled_improved,0.7,,,,,,,form_submission,8be29d2b-3125-42a6-8fb1-dc0f79db4436,form_submission,form_submission,,,,,,,,,,,,,
,,,,,0.5499999999999999,,,,82,"{'none': 5, 'changed_agent_selection': 3, 'support_only': 4}",,,,,,,0.05,,,,12,,shuffled_improved,0.6,,,,,,,dynamic_recovery,820afdec-004d-4dd0-a759-670255772865,debugging,dynamic_recovery,,,,,,,,,,,,,
,,,,,0.5,,,,57,"{'none': 7, 'changed_agent_selection': 3, 'support_only': 4}",,,,,,,0.0,,,,14,,shuffled_improved,0.5,,,,,,,dynamic_recovery,5c40b80b-aa4d-41f5-bdb8-cdf0c5c71904,debugging,dynamic_recovery,,,,,,,,,,,,,
,,,,-0.6,,,,,35,"{'changed_agent_selection': 4, 'support_only': 9, 'none': 11}",,,,,,0.6,,,,,24,,shuffled_negative_transfer,0.0,,,,,,,dynamic_recovery,820afdec-004d-4dd0-a759-670255772865,debugging,dynamic_recovery,,,,,,,,,,,,,
,,,,-0.3,,,,,15,"{'changed_agent_selection': 1, 'support_only': 10, 'none': 11}",,,,,,0.6,,,,,22,,shuffled_negative_transfer,0.3,,,,,,,debugging,3cb5febb-2c4f-4c35-a74a-1e3bdcbb7f0b,evidence_based_writing,debugging,,,,,,,,,,,,,
,,,,-0.19999999999999998,,,,,66,"{'none': 9, 'changed_agent_selection': 1, 'support_only': 8}",,,,,,0.35,,,,,18,,shuffled_negative_transfer,0.15,,,,,,,evidence_based_writing,2676a723-c0d9-41fd-9741-5442e6c8d6bb,dynamic_recovery,evidence_based_writing,,,,,,,,,,,,,
,,,,-0.19999999999999996,,,,,27,"{'none': 9, 'changed_agent_selection': 2, 'support_only': 7}",,,,,,0.6,,,,,18,,shuffled_negative_transfer,0.4,,,,,,,debugging,22fca269-51ca-4f80-88ef-57b4d0d82051,evidence_based_writing,debugging,,,,,,,,,,,,,
,,,,-0.1,,,,,93,"{'none': 9, 'changed_agent_selection': 1, 'support_only': 4}",,,,,,0.25,,,,,14,,shuffled_negative_transfer,0.15,,,,,,,evidence_based_writing,2676a723-c0d9-41fd-9741-5442e6c8d6bb,dynamic_recovery,evidence_based_writing,,,,,,,,,,,,,
,,,,-0.09999999999999998,,,,,34,"{'changed_agent_selection': 2, 'support_only': 7, 'none': 9}",,,,,,0.5,,,,,18,,shuffled_negative_transfer,0.4,,,,,,,debugging,3cb5febb-2c4f-4c35-a74a-1e3bdcbb7f0b,evidence_based_writing,debugging,,,,,,,,,,,,,
,,,,-0.09999999999999998,,,,,48,"{'changed_agent_selection': 2, 'support_only': 3, 'none': 7}",,,,,,0.6,,,,,12,,shuffled_negative_transfer,0.5,,,,,,,dynamic_recovery,5c40b80b-aa4d-41f5-bdb8-cdf0c5c71904,debugging,dynamic_recovery,,,,,,,,,,,,,
,,,,-0.09999999999999998,,,,,81,"{'changed_agent_selection': 2, 'support_only': 3, 'none': 7}",,,,,,0.6,,,,,12,,shuffled_negative_transfer,0.5,,,,,,,dynamic_recovery,5c40b80b-aa4d-41f5-bdb8-cdf0c5c71904,debugging,dynamic_recovery,,,,,,,,,,,,,
,,,,,,,,,,,,,,,,,,,High trigger-task mismatch in retrieved refs,,,,matching_permissiveness,,,508,0.0,0,,,,,,,1536,,,,,,,,0.382,586,,mas_orchestrator_memory,too_permissive_by_trigger
,,,,,,,,,,,,,,,,,,,Retrieved memories often originate from different source_family while still matching by task_family trigger,,,,matching_permissiveness,,,989,0.627,620,,,,,,,989,,,,,,,,0.0,0,,mas_shuffled_memory,too_permissive_by_content
